SET session_replication_role = 'replica';

CREATE TABLE IF NOT EXISTS Cliente (
    codCliente INT PRIMARY KEY,
    nombreYAp VARCHAR(100) NOT NULL,
    DNI CHAR(8) UNIQUE NOT NULL,
    telefono VARCHAR(20),
    direccion VARCHAR(100),
    sexo CHAR(1),
    edad INT
);

CREATE TABLE IF NOT EXISTS Esteticista (
    codEst INT PRIMARY KEY,
    nombre VARCHAR(50) NOT NULL,
    apellido VARCHAR(50) NOT NULL,
    DNI CHAR(8) UNIQUE NOT NULL,
    fecha_nac DATE,
    especialidad VARCHAR(100)
);

CREATE TABLE IF NOT EXISTS Producto (
    codProd INT PRIMARY KEY,
    nombreP VARCHAR(100) NOT NULL,
    descripcion TEXT,
    stock INT,
    precio DECIMAL(10, 2)
);

CREATE TABLE IF NOT EXISTS Aplicacion (
    nroAplicacion INT PRIMARY KEY,
    codEst INT NOT NULL,
    codCliente INT NOT NULL,
    costoTotal DECIMAL(10, 2),
    fecha DATE,
    FOREIGN KEY (codEst) REFERENCES Esteticista(codEst),
    FOREIGN KEY (codCliente) REFERENCES Cliente(codCliente)
);

CREATE TABLE IF NOT EXISTS ProductoAplicado (
    nroAplicacion INT,
    codProd INT,
    cantidad INT,
    precio DECIMAL(10, 2),
    PRIMARY KEY (nroAplicacion, codProd),
    FOREIGN KEY (nroAplicacion) REFERENCES Aplicacion(nroAplicacion),
    FOREIGN KEY (codProd) REFERENCES Producto(codProd)
);

TRUNCATE TABLE ProductoAplicado CASCADE;
TRUNCATE TABLE Producto CASCADE;
TRUNCATE TABLE Aplicacion CASCADE;
TRUNCATE TABLE Esteticista CASCADE;
TRUNCATE TABLE Cliente CASCADE;

INSERT INTO Aplicacion (nroAplicacion, codEst, codCliente, costoTotal, fecha) VALUES
(1, '61', '100', '18.99', '2025-01-10'),
(2, '64', '5', '24.99', '2025-01-08'),
(3, '16', '50', '3.99', '2024-10-24'),
(4, '37', '94', '39.99', '2024-11-02'),
(5, '40', '15', '4.29', '2024-10-21'),
(6, '43', '24', '34.99', '2025-02-08'),
(7, '91', '47', '8.49', '2024-11-05'),
(8, '34', '71', '3.49', '2025-03-11'),
(9, '53', '43', '2.29', '2024-12-07'),
(10, '79', '79', '24.99', '2025-04-08'),
(11, '70', '51', '3.89', '2024-12-09'),
(12, '83', '80', '3.29', '2025-02-02'),
(13, '94', '25', '39.99', '2024-06-22'),
(14, '89', '63', '11.99', '2024-11-15'),
(15, '27', '84', '20.99', '2025-02-27'),
(16, '20', '39', '5.49', '2025-01-10'),
(17, '90', '32', '4.99', '2024-09-06'),
(18, '56', '67', '29.99', '2024-09-23'),
(19, '100', '29', '2.49', '2024-05-26'),
(20, '48', '11', '34.99', '2024-07-28'),
(21, '19', '9', '4.29', '2024-10-27'),
(22, '74', '45', '3.99', '2025-03-26'),
(23, '51', '42', '2.99', '2025-02-17'),
(24, '44', '22', '6.99', '2024-11-20'),
(25, '67', '26', '99.99', '2024-05-25'),
(26, '6', '58', '129.99', '2024-10-05'),
(27, '5', '37', '16.99', '2024-12-17'),
(28, '69', '91', '4.99', '2025-03-14'),
(29, '21', '20', '129.99', '2024-06-21'),
(30, '73', '87', '18.99', '2025-02-19'),
(31, '22', '98', '2.49', '2024-06-10'),
(32, '23', '40', '34.99', '2024-06-26'),
(33, '62', '48', '64.99', '2024-11-06'),
(34, '66', '30', '1.99', '2024-11-21'),
(35, '52', '38', '59.99', '2025-05-08'),
(36, '65', '36', '2.99', '2024-11-07'),
(37, '60', '64', '2.99', '2025-02-27'),
(38, '58', '1', '49.99', '2024-05-17'),
(39, '46', '46', '1.99', '2024-06-04'),
(40, '55', '76', '4.99', '2024-09-15'),
(41, '8', '35', '10.99', '2025-02-22'),
(42, '3', '19', '6.49', '2024-06-09'),
(43, '33', '55', '49.99', '2024-12-26'),
(44, '36', '90', '3.79', '2024-07-14'),
(45, '45', '74', '15.99', '2024-12-23'),
(46, '28', '72', '24.99', '2024-08-05'),
(47, '87', '83', '2.59', '2024-10-15'),
(48, '41', '61', '29.99', '2025-01-31'),
(49, '97', '77', '3.99', '2024-08-12'),
(50, '13', '59', '3.99', '2024-05-31'),
(51, '38', '62', '39.99', '2025-03-08'),
(52, '88', '41', '7.49', '2025-02-27'),
(53, '50', '28', '2.99', '2024-06-02'),
(54, '92', '81', '4.49', '2024-09-25'),
(55, '93', '49', '3.49', '2024-12-14'),
(56, '78', '66', '3.99', '2024-08-10'),
(57, '7', '69', '49.99', '2024-12-24'),
(58, '86', '60', '22.99', '2024-07-24'),
(59, '42', '53', '5.49', '2024-10-17'),
(60, '31', '10', '5.99', '2024-06-09'),
(61, '25', '85', '6.99', '2025-04-07'),
(62, '4', '12', '1.79', '2024-06-22'),
(63, '30', '57', '3.89', '2024-12-28'),
(64, '72', '73', '2.99', '2024-09-19'),
(65, '11', '88', '5.99', '2025-01-03'),
(66, '15', '7', '5.49', '2025-04-18'),
(67, '71', '34', '34.99', '2024-12-04'),
(68, '1', '82', '19.99', '2024-07-31'),
(69, '99', '97', '2.99', '2024-05-27'),
(70, '85', '14', '19.99', '2025-02-14'),
(71, '98', '17', '49.99', '2025-04-02'),
(72, '32', '44', '2.29', '2025-03-20'),
(73, '18', '8', '5.99', '2024-09-03'),
(74, '75', '52', '5.99', '2025-05-12'),
(75, '24', '3', '3.99', '2024-10-14'),
(76, '63', '4', '39.99', '2024-11-05'),
(77, '47', '99', '4.29', '2025-04-02'),
(78, '26', '23', '3.29', '2025-03-21'),
(79, '12', '56', '19.99', '2024-10-18'),
(80, '77', '54', '19.99', '2024-06-21'),
(81, '68', '18', '39.99', '2025-04-18'),
(82, '49', '70', '49.99', '2024-07-27'),
(83, '35', '33', '34.99', '2024-05-25'),
(84, '2', '21', '3.99', '2024-06-06'),
(85, '96', '16', '99.99', '2025-05-12'),
(86, '29', '27', '19.99', '2024-07-14'),
(87, '59', '75', '34.99', '2024-07-25'),
(88, '17', '65', '4.99', '2024-09-18'),
(89, '54', '93', '24.99', '2024-12-06'),
(90, '81', '6', '4.99', '2025-04-01'),
(91, '76', '13', '5.99', '2025-03-31'),
(92, '80', '2', '4.49', '2024-10-18'),
(93, '9', '92', '39.99', '2025-01-23'),
(94, '84', '31', '4.79', '2024-11-21'),
(95, '82', '78', '24.99', '2025-02-03'),
(96, '10', '96', '2.99', '2025-03-26'),
(97, '95', '89', '5.49', '2025-01-05'),
(98, '39', '86', '2.79', '2025-01-08'),
(99, '57', '68', '2.99', '2024-12-08'),
(100, '14', '95', '6.99', '2024-07-03');


-- fabricate-flush


INSERT INTO Cliente (codCliente, nombreYAp, DNI, telefono, direccion, sexo, edad) VALUES
(1, 'Vasilis McNeillie', '54669049', '(713) 602-1874', '9969 Northam Terrace, Houston, Texas, United States, 77015', 'M', '89'),
(2, 'Etti Titcumb', '38317478', '(305) 680-7365', '6488 Delbagno Court, Homestead, Florida, United States, 33034', 'F', '62'),
(3, 'Dalton Studdeard', '07401203', '(609) 085-7946', '2813 Dock Street, Trenton, New Jersey, United States, 08695', 'F', '49'),
(4, 'Kimble Birdis', '41052213', '(508) 241-6419', '9040 Warbler Loop, Worcester, Massachusetts, United States, 01605', 'M', '67'),
(5, 'Les Waplington', '91409787', '(702) 174-1582', '3775 Einsgrove Way, Las Vegas, Nevada, United States, 89178', 'F', '79'),
(6, 'Devinne O''Shevlin', '14641778', '(515) 011-3243', '6859 Roma Road, Des Moines, Iowa, United States, 50362', 'M', '85'),
(7, 'Nehemiah Magrannell', '92257500', '(217) 943-1010', '6352 Hackney Place, Springfield, Illinois, United States, 62718', 'F', '8'),
(8, 'Tiffie Boullen', '03477808', '(816) 234-3025', '5716 Darwin Terrace, Kansas City, Missouri, United States, 64149', 'M', '64'),
(9, 'Therese Everex', '56339652', '(919) 346-5632', '5338 Enola Place, Raleigh, North Carolina, United States, 27635', 'F', '31'),
(10, 'Monika Chugg', '77152676', '(718) 253-4214', '124 Altamaha Court, Staten Island, New York, United States, 10305', 'M', '62'),
(11, 'Marlyn Baddeley', '39318222', '(850) 715-9437', '11050 Shorewood Street, Pensacola, Florida, United States, 32575', 'M', '17'),
(12, 'Anthiathia Huitt', '53671972', '(518) 014-2922', '10210 Mackintosh Court, Albany, New York, United States, 12255', 'F', '34'),
(13, 'Collette Bassam', '26535222', '(808) 473-3462', '3964 Sassafras Court, Honolulu, Hawaii, United States, 96840', 'M', '24'),
(14, 'Berty Tunmore', '81927045', '(202) 645-4045', '648 Summit Street, Washington, District of Columbia, United States, 20370', 'F', '92'),
(15, 'Kamillah Mephan', '41959588', '(915) 190-8333', '11920 Otter Lane, El Paso, Texas, United States, 79934', 'F', '54'),
(16, 'Patton McSporrin', '19611629', '(862) 422-4606', '1291 Del Mar Drive, Paterson, New Jersey, United States, 07505', 'M', '82'),
(17, 'Karlens Menghi', '22949835', '(212) 342-7259', '14235 Placid Terrace, New York City, New York, United States, 10125', 'F', '48'),
(18, 'Dell Papes', '58613746', '(952) 408-0249', '5126 Incorvaia Way, Young America, Minnesota, United States, 55564', 'M', '19'),
(19, 'Therine Brehault', '97767863', '(202) 490-9673', '9631 Watercress Street, Washington, District of Columbia, United States, 20205', 'M', '71'),
(20, 'Broddie Hanretty', '36546937', '(205) 095-4449', '3626 Morning Glory Terrace, Birmingham, Alabama, United States, 35285', 'F', '69'),
(21, 'Randy Siviter', '95740132', '(434) 735-9052', '4375 Merida Circle, Manassas, Virginia, United States, 22111', 'F', '49'),
(22, 'Stoddard Brockton', '91251931', '(704) 810-8231', '7392 Quaint Court, Charlotte, North Carolina, United States, 28284', 'M', '85'),
(23, 'Erma Spurritt', '58920432', '(937) 400-7693', '2374 Fish Camp Road, Dayton, Ohio, United States, 45432', 'M', '79'),
(24, 'Galina Lappine', '89554756', '(941) 963-3209', '2618 Schoenacher Street, Sarasota, Florida, United States, 34233', 'F', '91'),
(25, 'Bernete MacCague', '15293870', '(605) 446-0941', '11739 Teakwood Lane, Sioux Falls, South Dakota, United States, 57198', 'M', '72'),
(26, 'Blithe Lievesley', '91312398', '(806) 761-9071', '12093 Barret Lane, Amarillo, Texas, United States, 79188', 'F', '60'),
(27, 'Mitch Gyver', '37548568', '(512) 261-2467', '4062 Gary Lane, Austin, Texas, United States, 78789', 'F', '2'),
(28, 'Cori Lamboll', '34668297', '(251) 309-8689', '4866 Feulner Place, Mobile, Alabama, United States, 36605', 'M', '25'),
(29, 'Zerk Jaqueminet', '94615804', '(479) 314-0038', '175 Sassparilla Way, Fort Smith, Arkansas, United States, 72916', 'M', '58'),
(30, 'Jonie Cruise', '77073336', '(917) 335-4373', '5883 Currie Court, New York City, New York, United States, 10034', 'F', '8'),
(31, 'Magda Willson', '86231022', '(504) 593-2086', '10703 Manion Terrace, Metairie, Louisiana, United States, 70033', 'M', '40'),
(32, 'Bronny Drioli', '33045778', '(316) 841-2040', '6320 Barker Way, Wichita, Kansas, United States, 67210', 'F', '45'),
(33, 'Doyle L''Archer', '94496479', '(818) 641-0239', '1516 Barnes Avenue, Los Angeles, California, United States, 90005', 'F', '85'),
(34, 'Rutter Rippin', '12623357', '(850) 071-3738', '14169 Queen Palm Place, Pensacola, Florida, United States, 32595', 'M', '6'),
(35, 'Mile Cullinan', '35969177', '(606) 225-7601', '3635 Chula Vista Avenue, London, Kentucky, United States, 40745', 'M', '86'),
(36, 'Camellia Foulkes', '26534581', '(321) 649-2985', '6131 Ansel Avenue, Orlando, Florida, United States, 32813', 'F', '42'),
(37, 'Neall Orriss', '48315995', '(817) 517-6693', '4538 Hugar Place, Arlington, Texas, United States, 76011', 'F', '14'),
(38, 'Celestine Chaucer', '38580495', '(318) 133-3016', '3517 Lorelei Lane, Shreveport, Louisiana, United States, 71115', 'M', '46'),
(39, 'Damaris Nunes Nabarro', '08809011', '(210) 713-7358', '4576 Oxbow Drive, San Antonio, Texas, United States, 78220', 'M', '41'),
(40, 'Lara Eburah', '22073465', '(405) 260-5974', '10728 Illehaw Place, Oklahoma City, Oklahoma, United States, 73173', 'F', '14'),
(41, 'Alyssa Honisch', '31032067', '(817) 793-9854', '9677 Inverary Avenue, Fort Worth, Texas, United States, 76134', 'M', '38'),
(42, 'Trish Halifax', '85387045', '(903) 823-5517', '13870 Conley Court, Texarkana, Texas, United States, 75507', 'F', '64'),
(43, 'Griffy Shervington', '21685078', '(757) 495-6593', '9166 Struthers Lane, Virginia Beach, Virginia, United States, 23471', 'M', '20'),
(44, 'Marlena Gloy', '78177509', '(334) 130-3453', '3324 Knapp Street, Montgomery, Alabama, United States, 36119', 'F', '44'),
(45, 'Caryn Massei', '00205123', '(678) 375-0187', '8450 Mansfield Street, Atlanta, Georgia, United States, 30328', 'F', '74'),
(46, 'Anatole Umney', '92124077', '(704) 219-2584', '5206 Laine Terrace, Charlotte, North Carolina, United States, 28220', 'M', '54'),
(47, 'Griffin Normanvell', '48768092', '(806) 604-2142', '326 Greenacres Terrace, Lubbock, Texas, United States, 79452', 'M', '38'),
(48, 'Nathanil Baskett', '51518719', '(214) 949-8781', '8193 Black Lake Drive, Arlington, Texas, United States, 76096', 'F', '89'),
(49, 'Jacklin Kolak', '55255393', '(619) 192-8372', '13497 Avila Place, San Diego, California, United States, 92153', 'F', '29'),
(50, 'Martainn Kedie', '56360830', '(734) 830-7984', '1338 Estrella Lane, Dearborn, Michigan, United States, 48126', 'M', '45'),
(51, 'Morrie Le Marchant', '36153376', '(574) 393-0309', '6322 Deveaux Lane, South Bend, Indiana, United States, 46620', 'M', '54'),
(52, 'Angus Colley', '31897970', '(412) 404-5362', '3802 Orrick Lane, Pittsburgh, Pennsylvania, United States, 15255', 'F', '41'),
(53, 'Eugenius Wren', '26496181', '(701) 576-1511', '12531 Crowned Caterpillar Drive, Bismarck, North Dakota, United States, 58505', 'M', '13'),
(54, 'Patsy Kissock', '25466628', '(515) 504-9542', '12642 Folly Beach Court, Des Moines, Iowa, United States, 50347', 'F', '94'),
(55, 'Koressa Oldland', '55383542', '(336) 676-3708', '9576 Medford Place, Greensboro, North Carolina, United States, 27455', 'M', '85'),
(56, 'Urban Attwater', '54053521', '(334) 308-3545', '5632 Tamarind Grove Run, Montgomery, Alabama, United States, 36195', 'F', '51'),
(57, 'Teirtza Willcot', '83722809', '(989) 442-3653', '14158 Barbosa Court, Saginaw, Michigan, United States, 48604', 'M', '51'),
(58, 'Jennie Vawton', '80558422', '(901) 834-7112', '10749 Valmont Lane, Memphis, Tennessee, United States, 38161', 'F', '68'),
(59, 'Vina McMahon', '53268656', '(202) 445-7146', '8580 Amherst Way, Laurel, Maryland, United States, 20709', 'M', '91'),
(60, 'Sarene Elnough', '75646512', '(808) 179-5742', '3636 Chantel Court, Honolulu, Hawaii, United States, 96825', 'F', '14'),
(61, 'Issy Measom', '53428459', '(480) 383-9367', '4384 Powderville Place, Mesa, Arizona, United States, 85205', 'M', '71'),
(62, 'Bartolomeo Cours', '38383317', '(801) 285-6695', '218 Rich Terrace, Salt Lake City, Utah, United States, 84189', 'F', '35'),
(63, 'Francene Heistermann', '63331688', '(765) 077-4508', '12230 Homan Loop, Indianapolis, Indiana, United States, 46202', 'M', '76'),
(64, 'Leland Pardew', '76948263', '(319) 889-7451', '14556 Viewmont Lane, Cedar Rapids, Iowa, United States, 52405', 'F', '56'),
(65, 'Brear Axell', '71195263', '(919) 510-1086', '12677 Fireside Avenue, Raleigh, North Carolina, United States, 27615', 'M', '18'),
(66, 'Oralia Stempe', '10668766', '(213) 647-7614', '2766 Poplaski Place, Los Angeles, California, United States, 90035', 'F', '37'),
(67, 'Esteban Gerner', '17901670', '(406) 015-1499', '5195 Pompion Street, Bozeman, Montana, United States, 59771', 'F', '46'),
(68, 'Deonne Dawtre', '14596659', '(804) 720-9592', '7114 Betzer Place, Richmond, Virginia, United States, 23237', 'M', '60'),
(69, 'Ardelis Eyre', '90899920', '(512) 232-9931', '13022 Fussell Way, Austin, Texas, United States, 78732', 'M', '84'),
(70, 'Lynde Cawte', '02525778', '(304) 223-0622', '1275 Berman Court, Charleston, West Virginia, United States, 25321', 'F', '37'),
(71, 'Chrisy Mobbs', '97246101', '(214) 602-4148', '6069 Katie Keith Loop, Dallas, Texas, United States, 75397', 'M', '80'),
(72, 'Boyd Lannin', '46589579', '(413) 662-9590', '9695 Sheehan Street, Springfield, Massachusetts, United States, 01105', 'F', '85'),
(73, 'Agnella Twiggins', '11800576', '(804) 264-3660', '10342 Talapia Loop, Richmond, Virginia, United States, 23272', 'M', '92'),
(74, 'Aleksandr Dugmore', '18123730', '(267) 210-0636', '3258 Magana Place, Philadelphia, Pennsylvania, United States, 19120', 'F', '19'),
(75, 'Dedie Wolvey', '91994372', '(770) 032-6640', '12501 Knowlton Avenue, Alpharetta, Georgia, United States, 30022', 'F', '16'),
(76, 'Chelsae Klamman', '46871669', '(608) 249-8069', '2858 Bayberry Court, Madison, Wisconsin, United States, 53716', 'M', '24'),
(77, 'Fonzie Roggerone', '21328304', '(717) 802-7971', '3737 Hickey Way, Harrisburg, Pennsylvania, United States, 17140', 'F', '20'),
(78, 'Reinaldos Gumbley', '16227746', '(757) 246-2550', '12930 Oliver Lane, Chesapeake, Virginia, United States, 23324', 'M', '44'),
(79, 'Greta Viant', '85517816', '(520) 711-1963', '12009 Westmont Place, Tucson, Arizona, United States, 85710', 'M', '83'),
(80, 'Deeann Albro', '75470814', '(561) 608-7550', '12777 Tarrson Blvd., Lake Worth, Florida, United States, 33467', 'F', '26'),
(81, 'Mersey Taffie', '80009396', '(202) 386-1395', '8770 Castlehill Drive, Washington, District of Columbia, United States, 20062', 'M', '15'),
(82, 'Giuseppe Bullene', '51209712', '(763) 127-8288', '6911 Estill Avenue, Monticello, Minnesota, United States, 55585', 'F', '51'),
(83, 'Flossie Cadman', '92831042', '(815) 844-8007', '6345 De Silva Street, Rockford, Illinois, United States, 61110', 'F', '55'),
(84, 'Opaline Moule', '23070884', '(702) 189-0358', '10945 Caribou Way, Las Vegas, Nevada, United States, 89150', 'M', '22'),
(85, 'Kate Seston', '48951176', '(612) 807-3471', '4198 West Boone Court, Minneapolis, Minnesota, United States, 55487', 'M', '67'),
(86, 'Audry Viscovi', '58075492', '(202) 204-9136', '10890 Valleybrook Way, Washington, District of Columbia, United States, 20540', 'F', '88'),
(87, 'Roger Mayne', '16442493', '(203) 741-7910', '5149 Manor Downs, New Haven, Connecticut, United States, 06520', 'F', '25'),
(88, 'Zelig McIlherran', '49034098', '(202) 954-6900', '6665 Ukulele Street, Washington, District of Columbia, United States, 20226', 'M', '40'),
(89, 'Gae Chainey', '69013653', '(312) 719-8835', '9084 Waldo Terrace, Chicago, Illinois, United States, 60697', 'F', '36'),
(90, 'Burr Haysom', '04057250', '(717) 677-5469', '5244 Struthers Lane, Lancaster, Pennsylvania, United States, 17605', 'M', '72'),
(91, 'Ailey Skillings', '84121129', '(803) 246-6990', '374 Merida Circle, Columbia, South Carolina, United States, 29215', 'F', '71'),
(92, 'Debee Chestnut', '68092959', '(702) 300-9865', '6140 Doria Lane, Santa Barbara, California, United States, 93111', 'M', '71'),
(93, 'Katya Connow', '76764301', '(217) 460-4024', '14274 Jessup Street, Springfield, Illinois, United States, 62756', 'M', '73'),
(94, 'Kristel Sarginson', '00781763', '(918) 125-7801', '2815 Meggett Way, Tulsa, Oklahoma, United States, 74133', 'F', '2'),
(95, 'Glennie Margarson', '67366128', '(812) 819-7190', '14512 White Ibis Run, Evansville, Indiana, United States, 47719', 'M', '41'),
(96, 'Helen-elizabeth Camell', '03992459', '(505) 310-6876', '7358 Tim Terrace, Albuquerque, New Mexico, United States, 87190', 'F', '8'),
(97, 'Alford Wigzell', '62184900', '(941) 284-2978', '9546 James Road, Bradenton, Florida, United States, 34282', 'F', '50'),
(98, 'Evyn Cheek', '26341908', '(419) 304-4588', '1274 Manly Place, Toledo, Ohio, United States, 43656', 'M', '34'),
(99, 'Cristi Smallwood', '77036614', '(503) 177-6539', '6675 Kirkland Lane, Portland, Oregon, United States, 97206', 'F', '57'),
(100, 'Claire Housego', '64305953', '(904) 731-7656', '1439 Ogden Avenue, Jacksonville, Florida, United States, 32244', 'M', '32');


-- fabricate-flush


INSERT INTO Esteticista (codEst, nombre, apellido, DNI, fecha_nac, especialidad) VALUES
(1, 'Vasilis', 'McNeillie', '21921280', '2006-06-07', 'Waxing'),
(2, 'Etti', 'Titcumb', '12699279', '1949-08-06', 'Permanent Makeup'),
(3, 'Dalton', 'Studdeard', '74138063', '1972-07-04', 'Skin Rejuvenation'),
(4, 'Kimble', 'Birdis', '99066678', '1985-02-17', 'Electrolysis'),
(5, 'Les', 'Waplington', '09670982', '1983-03-06', 'Makeup Artistry'),
(6, 'Devinne', 'O''Shevlin', '75887891', '1991-07-26', 'Aromatherapy'),
(7, 'Nehemiah', 'Magrannell', '86881005', '1997-03-14', 'Manicures and Pedicures'),
(8, 'Tiffie', 'Boullen', '78117681', '1990-05-23', 'Eyelash Extensions'),
(9, 'Therese', 'Everex', '45130900', '1966-12-16', 'Chemical Peels'),
(10, 'Monika', 'Chugg', '40040378', '1975-03-26', 'Laser Hair Removal'),
(11, 'Marlyn', 'Baddeley', '41034802', '1994-08-08', 'Massage Therapy'),
(12, 'Anthiathia', 'Huitt', '25949148', '2001-12-01', 'Dermaplaning'),
(13, 'Collette', 'Bassam', '11687607', '1977-02-12', 'Microdermabrasion'),
(14, 'Berty', 'Tunmore', '22958144', '1950-03-02', 'Facial Treatments'),
(15, 'Kamillah', 'Mephan', '34316016', '1951-07-05', 'Body Treatments'),
(16, 'Patton', 'McSporrin', '36670064', '1977-03-16', 'Waxing'),
(17, 'Karlens', 'Menghi', '77926883', '2007-05-03', 'Manicures and Pedicures'),
(18, 'Dell', 'Papes', '27299318', '1951-04-06', 'Laser Hair Removal'),
(19, 'Therine', 'Brehault', '11015372', '1982-09-20', 'Aromatherapy'),
(20, 'Broddie', 'Hanretty', '81740566', '1968-02-27', 'Massage Therapy'),
(21, 'Randy', 'Siviter', '40552351', '1997-01-21', 'Dermaplaning'),
(22, 'Stoddard', 'Brockton', '93149583', '1963-11-27', 'Facial Treatments'),
(23, 'Erma', 'Spurritt', '14669507', '1996-02-22', 'Skin Rejuvenation'),
(24, 'Galina', 'Lappine', '26170472', '1947-10-05', 'Makeup Artistry'),
(25, 'Bernete', 'MacCague', '05910994', '1951-01-14', 'Body Treatments'),
(26, 'Blithe', 'Lievesley', '08728169', '1949-11-09', 'Eyelash Extensions'),
(27, 'Mitch', 'Gyver', '38655078', '1945-08-05', 'Chemical Peels'),
(28, 'Cori', 'Lamboll', '52918583', '1999-09-22', 'Microdermabrasion'),
(29, 'Zerk', 'Jaqueminet', '64741535', '1962-11-09', 'Electrolysis'),
(30, 'Jonie', 'Cruise', '99152847', '1947-07-14', 'Permanent Makeup'),
(31, 'Magda', 'Willson', '39499365', '1972-06-24', 'Electrolysis'),
(32, 'Bronny', 'Drioli', '06431857', '2005-06-07', 'Manicures and Pedicures'),
(33, 'Doyle', 'L''Archer', '92433950', '1961-08-30', 'Eyelash Extensions'),
(34, 'Rutter', 'Rippin', '62485101', '1960-03-04', 'Microdermabrasion'),
(35, 'Mile', 'Cullinan', '98402721', '1974-03-15', 'Laser Hair Removal'),
(36, 'Camellia', 'Foulkes', '62937323', '1975-07-12', 'Waxing'),
(37, 'Neall', 'Orriss', '62090137', '2004-02-29', 'Massage Therapy'),
(38, 'Celestine', 'Chaucer', '28239432', '1991-01-22', 'Aromatherapy'),
(39, 'Damaris', 'Nunes Nabarro', '96788402', '1946-07-20', 'Skin Rejuvenation'),
(40, 'Lara', 'Eburah', '57775821', '1991-06-09', 'Permanent Makeup'),
(41, 'Alyssa', 'Honisch', '04688884', '2003-11-25', 'Facial Treatments'),
(42, 'Trish', 'Halifax', '60388890', '1955-04-25', 'Body Treatments'),
(43, 'Griffy', 'Shervington', '39011297', '1952-10-08', 'Chemical Peels'),
(44, 'Marlena', 'Gloy', '95843896', '1996-11-30', 'Makeup Artistry'),
(45, 'Caryn', 'Massei', '52612499', '1981-01-26', 'Dermaplaning'),
(46, 'Anatole', 'Umney', '01337345', '1952-08-28', 'Waxing'),
(47, 'Griffin', 'Normanvell', '79748127', '1959-01-30', 'Dermaplaning'),
(48, 'Nathanil', 'Baskett', '29505481', '1948-12-01', 'Laser Hair Removal'),
(49, 'Jacklin', 'Kolak', '79112479', '1969-08-26', 'Microdermabrasion'),
(50, 'Martainn', 'Kedie', '73155506', '2006-11-19', 'Electrolysis'),
(51, 'Morrie', 'Le Marchant', '74517663', '1990-07-31', 'Body Treatments'),
(52, 'Angus', 'Colley', '73527998', '2004-12-10', 'Permanent Makeup'),
(53, 'Eugenius', 'Wren', '25176294', '1953-08-05', 'Aromatherapy'),
(54, 'Patsy', 'Kissock', '72102994', '1955-08-16', 'Chemical Peels'),
(55, 'Koressa', 'Oldland', '80479338', '2005-09-28', 'Skin Rejuvenation'),
(56, 'Urban', 'Attwater', '55607607', '1956-07-19', 'Massage Therapy'),
(57, 'Teirtza', 'Willcot', '99632040', '1982-03-30', 'Manicures and Pedicures'),
(58, 'Jennie', 'Vawton', '92637963', '1987-08-31', 'Facial Treatments'),
(59, 'Vina', 'McMahon', '10337336', '1955-07-15', 'Makeup Artistry'),
(60, 'Sarene', 'Elnough', '50008384', '1987-07-08', 'Eyelash Extensions'),
(61, 'Issy', 'Measom', '16409159', '1945-12-23', 'Laser Hair Removal'),
(62, 'Bartolomeo', 'Cours', '80570415', '1996-07-06', 'Electrolysis'),
(63, 'Francene', 'Heistermann', '00237672', '1982-08-25', 'Massage Therapy'),
(64, 'Leland', 'Pardew', '99902232', '1953-08-16', 'Body Treatments'),
(65, 'Brear', 'Axell', '41598516', '1977-06-24', 'Dermaplaning'),
(66, 'Oralia', 'Stempe', '36869730', '1965-12-29', 'Eyelash Extensions'),
(67, 'Esteban', 'Gerner', '42365803', '1982-07-25', 'Waxing'),
(68, 'Deonne', 'Dawtre', '03709726', '1989-06-02', 'Skin Rejuvenation'),
(69, 'Ardelis', 'Eyre', '03932243', '1963-09-26', 'Aromatherapy'),
(70, 'Lynde', 'Cawte', '58228958', '1996-03-01', 'Microdermabrasion'),
(71, 'Chrisy', 'Mobbs', '70160154', '1995-03-31', 'Permanent Makeup'),
(72, 'Boyd', 'Lannin', '47458584', '1979-09-26', 'Facial Treatments'),
(73, 'Agnella', 'Twiggins', '55057848', '1970-09-29', 'Makeup Artistry'),
(74, 'Aleksandr', 'Dugmore', '75207690', '1974-10-20', 'Manicures and Pedicures'),
(75, 'Dedie', 'Wolvey', '86755753', '1960-07-27', 'Chemical Peels'),
(76, 'Chelsae', 'Klamman', '30018581', '1961-10-03', 'Waxing'),
(77, 'Fonzie', 'Roggerone', '29662958', '2007-03-26', 'Permanent Makeup'),
(78, 'Reinaldos', 'Gumbley', '99574686', '1958-07-10', 'Skin Rejuvenation'),
(79, 'Greta', 'Viant', '58193526', '1946-10-25', 'Electrolysis'),
(80, 'Deeann', 'Albro', '42005132', '1990-08-18', 'Makeup Artistry'),
(81, 'Mersey', 'Taffie', '56572970', '1983-04-23', 'Aromatherapy'),
(82, 'Giuseppe', 'Bullene', '27748950', '1990-03-22', 'Manicures and Pedicures'),
(83, 'Flossie', 'Cadman', '68030452', '2006-02-23', 'Eyelash Extensions'),
(84, 'Opaline', 'Moule', '37182876', '1973-08-10', 'Chemical Peels'),
(85, 'Kate', 'Seston', '10123266', '1958-10-17', 'Laser Hair Removal'),
(86, 'Audry', 'Viscovi', '11023797', '1991-08-17', 'Massage Therapy'),
(87, 'Roger', 'Mayne', '03223539', '1981-11-17', 'Dermaplaning'),
(88, 'Zelig', 'McIlherran', '06752368', '1975-08-16', 'Microdermabrasion'),
(89, 'Gae', 'Chainey', '57005163', '2000-05-07', 'Facial Treatments'),
(90, 'Burr', 'Haysom', '97447691', '1960-03-20', 'Body Treatments'),
(91, 'Ailey', 'Skillings', '72590842', '1948-04-06', 'Waxing'),
(92, 'Debee', 'Chestnut', '25701641', '1958-03-27', 'Dermaplaning'),
(93, 'Katya', 'Connow', '03794429', '1987-02-11', 'Skin Rejuvenation'),
(94, 'Kristel', 'Sarginson', '09262395', '1968-06-13', 'Aromatherapy'),
(95, 'Glennie', 'Margarson', '20266392', '1971-04-02', 'Facial Treatments'),
(96, 'Helen-elizabeth', 'Camell', '11379719', '1988-08-10', 'Electrolysis'),
(97, 'Alford', 'Wigzell', '91529494', '1993-01-23', 'Permanent Makeup'),
(98, 'Evyn', 'Cheek', '45754711', '1952-01-15', 'Eyelash Extensions'),
(99, 'Cristi', 'Smallwood', '01057206', '1981-06-26', 'Chemical Peels'),
(100, 'Claire', 'Housego', '88653045', '1999-09-29', 'Microdermabrasion');


-- fabricate-flush


INSERT INTO Producto (codProd, nombreP, descripcion, stock, precio) VALUES
(1, 'Tomato Sauce', 'Rich and flavorful tomato sauce for pasta or pizza.', '2706', '2.79'),
(2, 'Whole Chicken', 'A whole free-range chicken, ready for roasting.', '7702', '12.99'),
(3, 'Flavored Instant Oatmeal', 'Quick oatmeal with various flavors', '2423', '2.99'),
(4, 'Mini Electric Kettle', 'Quick boiling kettle for small kitchens and dorms.', '7840', '29.99'),
(5, 'Pumpkin Spice Cookies', 'Delicious cookies flavored with pumpkin and spices.', '3520', '3.29'),
(6, 'Mini Air Hockey Table', 'Fun tabletop air hockey for home or office.', '9647', '39.99'),
(7, 'Shredded Cheese', 'Blend of cheddar and mozzarella cheese, great for recipes.', '285', '4.29'),
(8, 'Set of Gardening Gloves with Claws', 'Multi-functional gloves for planting and digging without tools.', '3749', '15.99'),
(9, 'Silicone Baking Molds', 'Set of flexible molds for baking cakes and pastries.', '4460', '15.99'),
(10, 'Honey Roasted Chickpeas', 'Crispy chickpeas roasted with honey for a sweet and satisfying snack.', '2228', '3.29'),
(11, 'Classic Pumps', 'Elegant classic pumps that add sophistication to any outfit.', '5662', '64.99'),
(12, 'Rice Noodles', 'Thin rice noodles, ideal for stir-fries and soups.', '2970', '3.49'),
(13, 'Low-Fat Cottage Cheese', 'Creamy cottage cheese, perfect for healthy snacking.', '6144', '2.99'),
(14, 'Reusable Food Storage Bags', 'Eco-friendly silicone bags for food storage and snacks.', '183', '19.99'),
(15, 'Reclining Camping Chair', 'Foldable reclining camping chair with cup holder.', '3359', '49.99'),
(16, 'Hummus Trio Pack', 'A variety pack of classic, roasted red pepper, and garlic hummus.', '4823', '5.49'),
(17, 'Wild Rice Pilaf', 'A mix of wild rice with herbs and spices, ready to serve.', '6984', '3.79'),
(18, 'Frozen Pizza', 'Delicious frozen pizza with a variety of toppings.', '8374', '7.99'),
(19, 'Cushion Covers', 'Set of decorative cushion covers for home decor.', '1424', '35'),
(20, 'Almond Butter Cookies', 'Soft cookies made with almond butter', '326', '4.49'),
(21, 'Classic Minestrone Soup', 'Hearty minestrone soup loaded with vegetables and pasta.', '3450', '2.99'),
(22, 'Camping Tarp', 'Durable tarp for outdoor camping and protection.', '2274', '32.99'),
(23, 'Himalayan Pink Salt', 'Natural mineral salt with a subtle flavor, ideal for cooking and seasoning.', '5511', '1.99'),
(24, 'Organic Granola Cereal', 'Crunchy granola made with organic oats', '7750', '5.99'),
(25, 'Noise Reduction Headphones', 'Passive noise reduction headphones for focus.', '1020', '39.99'),
(26, 'Trackpad for Laptop', 'Wireless trackpad for enhanced laptop navigation.', '3140', '49.99'),
(27, 'Insulated Lunch Box', 'Durable lunch box designed to keep food fresh and cool.', '3925', '24.99'),
(28, 'Pineapple Rings', 'Delicious canned pineapple rings for desserts or salads.', '7615', '2.49'),
(29, 'Dog Training Collar', 'Rechargeable training collar for effective behavior training.', '7769', '39.99'),
(30, 'Cheddar & Bacon Potato Skins', 'Gourmet potato skins loaded with cheddar cheese and bacon.', '6482', '7.49'),
(31, 'Customizable Name Puzzle', 'Personalized wooden puzzles for children that encourage learning.', '5670', '29.99'),
(32, 'Cookbook', 'Inspiring cookbook with healthy recipes.', '4599', '27.99'),
(33, 'Fitness Foam Roller', 'High-density foam roller for muscle recovery.', '3083', '29.99'),
(34, 'Sporty Cap', 'Stylish cap to complete your athletic look.', '9464', '15.99'),
(35, 'Herbed Chicken Breast', 'Marinated chicken breast seasoned with herbs, ready for grilling.', '5917', '7.99'),
(36, 'Garam Masala Spice Blend', 'A fragrant Indian spice blend for curries and stews.', '8531', '2.79'),
(37, 'Fitness Jump Rope with LCD Counter', 'Weighted jump rope that counts jumps and calories burned.', '7440', '15.99'),
(38, 'Multi-Purpose Marine Rope', 'Heavy-duty rope suitable for boating, camping, and general use.', '6605', '19.99'),
(39, 'Teriyaki Chicken Bowl', 'Ready-to-eat chicken bowl with teriyaki sauce and rice.', '4172', '6.49'),
(40, 'Plant-Based Cookbook', 'Delicious recipes focusing on plant-based ingredients.', '5476', '29.99'),
(41, 'Sesame Ginger Dressing', 'Tangy dressing perfect for salads and marinades, with sesame and ginger flavors.', '316', '4.09'),
(42, 'Free-Range Eggs', 'Fresh eggs from free-range chickens.', '5244', '3.99'),
(43, 'Sliced Cheese', 'Assorted sliced cheese, perfect for sandwiches.', '9195', '4.49'),
(44, 'Luxury Memory Foam Mattress Topper', 'Adds extra comfort to your mattress for a better night''s sleep.', '8640', '129.99'),
(45, 'Classic BBQ Sauce', 'Smoky and sweet BBQ sauce for grilling and dipping.', '6161', '2.79'),
(46, 'Garlic Breadsticks', 'Ready-to-bake garlic breadsticks, perfect with pasta dishes.', '7252', '3.49'),
(47, 'Lentils', 'High in protein, perfect for soups and stews.', '9033', '2.99'),
(48, 'Tortilla Chips', 'Crispy tortilla chips, perfect for dipping.', '8112', '2.99'),
(49, 'Kids'' Art Easel', 'Double-sided art easel for painting and drawing.', '1641', '58.99'),
(50, 'Thai Peanut Noodles', 'Noodles tossed in a spicy Thai peanut sauce.', '8403', '4.99'),
(51, 'Rice Cakes', 'Light and crispy rice cakes, a perfect low-calorie snack.', '6940', '2.29'),
(52, 'BBQ Jackfruit', 'Tender jackfruit cooked in BBQ sauce, a delicious plant-based alternative.', '4945', '4.29'),
(53, 'Classic Watch', 'Timeless analog watch with a leather strap.', '5640', '99.99'),
(54, 'Lentil Pasta', 'Gluten-free pasta made from lentils, high in protein.', '8606', '4.99'),
(55, 'Cocktail Shaker and Mixing Glass Set', 'Complete set for mixing cocktails at home.', '9341', '39.99'),
(56, 'Italian Herb Balsamic Marinade', 'A rich marinade perfect for meats and vegetables, infused with Italian herbs and balsamic vinegar.', '8216', '3.99'),
(57, 'Adjustable Resistance Bands', 'Set of resistance bands for versatile strength training workouts.', '1477', '39.99'),
(58, 'LED Makeup Mirror', 'Illuminated vanity mirror with adjustable brightness settings.', '8549', '39.99'),
(59, 'Fleece Hoodie', 'Ultra-soft fleece hoodie for warmth and comfort during chilly days.', '1975', '39.99'),
(60, 'Hiking Water Bottle with Filter', '8oz water bottle with built-in filter for clean drinking water.', '5868', '29.99'),
(61, 'Blueberry Oatmeal Cups', 'Instant oatmeal cups with blueberries for an easy breakfast.', '9804', '3.29'),
(62, 'Fresh Basil', 'Aromatic fresh basil, perfect for Italian cooking.', '3886', '1.99'),
(63, 'First Aid Kit', 'Comprehensive first aid kit for emergency situations.', '3575', '29.99'),
(64, 'Coconut Almond Granola', 'Crunchy granola made with oats, almonds, and coconut flakes.', '5248', '4.99'),
(65, 'Apricot Jam', 'Sweet and tangy jam made from natural apricots.', '3463', '4.29'),
(66, 'Under Desk Footrest', 'Adjustable footrest for improved comfort while sitting.', '5290', '29.99'),
(67, 'LED Flashlight with Rechargeable Batteries', 'Bright flashlight with rechargeable batteries included.', '1738', '19.99'),
(68, 'Garlic & Herb Goat Cheese', 'Creamy goat cheese infused with herbs and garlic, perfect for spreading on crackers.', '6175', '5.49'),
(69, 'Pasta (Fusilli)', 'Twisted pasta perfect for salads and pasta dishes.', '2865', '1.79'),
(70, 'Electric Screwdriver', 'Cordless electric screwdriver for home projects.', '7018', '59.99'),
(71, 'Pesto Pasta Sauce', 'Rich basil pesto sauce for pasta and more.', '5615', '3.99'),
(72, 'Spicy Garlic Edamame', 'Steamed edamame tossed in a spicy garlic sauce, great for snacking.', '1825', '3.99'),
(73, 'Spinach and Feta Wraps', 'Whole wheat wraps filled with spinach and feta cheese.', '3864', '4.99'),
(74, 'Puzzle 3D Model Kit', '3D model puzzle kit for creative builders.', '7365', '22.99'),
(75, 'Electric Kettle with Temperature Control', 'Electric kettle that offers precise temperature settings.', '4507', '49.99'),
(76, 'Organic Black Bean Burger', 'Delicious plant-based burger made with organic black beans and spices.', '3365', '4.49'),
(77, 'Smart Wi-Fi Light Bulbs', 'Energy-efficient LED bulbs that can be controlled via smartphone.', '4476', '19.99'),
(78, 'Buffalo Cauliflower Wings', 'Crispy cauliflower bites tossed in spicy buffalo sauce.', '5442', '6.99'),
(79, 'Eco-Friendly Stainless Steel Straws', 'Reusable straws that come with a cleaning brush.', '9460', '12.99'),
(80, 'Fire Roasted Salsa', 'Salsa made with fire-roasted tomatoes for an authentic flavor.', '6187', '2.49'),
(81, 'Caraway Rye Bread', 'Artisan bread with caraway seeds for added flavor.', '6470', '4.79'),
(82, 'Frozen Burritos', 'Easy-to-heat frozen burritos for a quick meal.', '2475', '8.99'),
(83, 'Cinnamon Roll Kit', 'Everything you need to make melt-in-your-mouth cinnamon rolls at home.', '8823', '6.89'),
(84, 'Antique Style Clock', 'Nostalgic clock that adds charm to any room.', '6688', '39.99'),
(85, 'Smart Air Purifier', 'Filters allergens and pollutants from the air for a healthier home.', '2548', '199.99'),
(86, 'Vegetable Potstickers', 'Delicious vegetable dumplings, perfect for steaming or frying.', '2238', '5.99'),
(87, 'Measuring Cups Set', 'Stackable measuring cups made from stainless steel.', '1740', '19.99'),
(88, 'Energy Protein Bars', 'Nutritious bars packed with protein for energy', '7214', '2.29'),
(89, 'LED Christmas Lights', 'Eco-friendly LED lights for festive decorations.', '4052', '29.99'),
(90, 'Weighted Jump Rope', 'Adjustable weighted jump rope for workouts.', '4746', '15.99'),
(91, 'Basic V-Neck T-Shirt', 'A staple v-neck t-shirt that pairs well with anything.', '9753', '19.99'),
(92, 'Pet Waterer with Filtration', 'Automatic waterer that filters and provides fresh drinking water for pets.', '8613', '39.99'),
(93, 'Wireless Charger', 'Qi-certified wireless charger for fast charging.', '9937', '24.99'),
(94, 'Ground Turkey', 'Lean and versatile ground turkey, perfect for various dishes.', '9420', '5.49'),
(95, 'LED Strip Lights with Remote Control', 'Color-changing LED lights for home decoration with remote.', '6849', '29.99'),
(96, 'Wooden Puzzle Game', 'Classic wooden puzzle game for kids and adults.', '6805', '14.99'),
(97, 'Portable Water Filter', 'Lightweight water filter for outdoor adventures.', '1901', '29.99'),
(98, 'Black Bean Spaghetti', 'High-protein pasta made from black beans, gluten-free.', '629', '3.99'),
(99, 'Classic Leather Wallet', 'A sleek leather wallet that combines style and functionality.', '87', '34.99'),
(100, 'Picnic Blanket', 'Waterproof picnic blanket for outdoor fun.', '8208', '29.99');


-- fabricate-flush


INSERT INTO ProductoAplicado (nroAplicacion, codProd, cantidad, precio) VALUES
('2', '10', '231', '2.79'),
('87', '57', '328', '12.99'),
('57', '63', '872', '2.99'),
('92', '93', '963', '29.99'),
('88', '52', '725', '3.29'),
('46', '98', '68', '39.99'),
('48', '89', '984', '4.29'),
('80', '31', '435', '15.99'),
('15', '23', '675', '15.99'),
('82', '29', '903', '3.29'),
('95', '65', '326', '64.99'),
('38', '7', '231', '3.49'),
('75', '60', '532', '2.99'),
('96', '95', '938', '19.99'),
('70', '74', '100', '49.99'),
('45', '24', '152', '5.49'),
('16', '17', '61', '3.79'),
('51', '43', '734', '7.99'),
('42', '76', '557', '35'),
('37', '18', '205', '4.49'),
('100', '50', '886', '2.99'),
('63', '38', '828', '32.99'),
('43', '70', '672', '1.99'),
('33', '58', '185', '5.99'),
('35', '14', '970', '39.99'),
('19', '77', '174', '49.99'),
('86', '92', '216', '24.99'),
('12', '42', '999', '2.49'),
('14', '37', '207', '39.99'),
('94', '5', '520', '7.49'),
('54', '1', '865', '29.99'),
('66', '27', '806', '27.99'),
('30', '33', '537', '29.99'),
('85', '69', '282', '15.99'),
('29', '80', '961', '7.99'),
('7', '35', '350', '2.79'),
('9', '30', '886', '15.99'),
('52', '82', '161', '19.99'),
('61', '79', '120', '6.49'),
('11', '75', '434', '29.99'),
('31', '25', '470', '4.09'),
('21', '83', '680', '3.99'),
('77', '73', '578', '4.49'),
('41', '100', '962', '129.99'),
('20', '41', '612', '2.79'),
('58', '47', '804', '3.49'),
('40', '84', '26', '2.99'),
('18', '85', '749', '2.99'),
('25', '72', '949', '58.99'),
('68', '16', '54', '4.99'),
('8', '13', '202', '2.29'),
('72', '99', '733', '4.29'),
('32', '2', '124', '99.99'),
('10', '6', '983', '4.99'),
('59', '94', '969', '39.99'),
('47', '81', '695', '3.99'),
('74', '53', '635', '39.99'),
('13', '45', '160', '39.99'),
('79', '51', '260', '39.99'),
('65', '49', '631', '29.99'),
('53', '26', '11', '3.29'),
('64', '39', '202', '1.99'),
('93', '11', '757', '29.99'),
('56', '8', '593', '4.99'),
('99', '71', '918', '4.29'),
('83', '68', '862', '29.99'),
('69', '9', '562', '19.99'),
('39', '36', '70', '5.49'),
('76', '54', '967', '1.79'),
('6', '19', '671', '59.99'),
('81', '61', '42', '3.99'),
('90', '22', '591', '3.99'),
('4', '90', '556', '4.99'),
('26', '88', '427', '22.99'),
('73', '67', '40', '49.99'),
('34', '64', '822', '4.49'),
('71', '34', '512', '19.99'),
('89', '78', '447', '6.99'),
('50', '91', '367', '12.99'),
('24', '12', '912', '2.49'),
('49', '28', '496', '4.79'),
('23', '96', '529', '8.99'),
('62', '46', '660', '6.89'),
('22', '97', '977', '39.99'),
('55', '32', '410', '199.99'),
('98', '21', '519', '5.99'),
('28', '4', '460', '19.99'),
('67', '15', '235', '2.29'),
('36', '3', '731', '29.99'),
('5', '66', '623', '15.99'),
('27', '87', '164', '19.99'),
('78', '40', '615', '39.99'),
('17', '20', '467', '24.99'),
('91', '56', '62', '5.49'),
('84', '44', '76', '29.99'),
('97', '55', '738', '14.99'),
('3', '62', '234', '29.99'),
('1', '48', '553', '3.99'),
('44', '86', '81', '34.99'),
('60', '59', '510', '29.99');


-- fabricate-flush


SET session_replication_role = 'origin';